y,ig_fault,carb_fault,door_fault
True,0.6754962,3.6905284,3.8312173
True,1.585668,4.0674906,3.7704644
True,1.2701868,4.248136,3.6600919
True,1.1890206,4.174773,4.101578
False,1.1922015,1.9930809,3.7493918
False,2.1159666,4.158257,4.169978
True,1.7284522,1.9634551,3.8361785
False,1.4080586,2.3463209,4.027372
False,2.1214888,3.936617,3.9858243
True,0.6776913,4.3137493,3.8627613
False,2.0577362,4.178428,4.106612
False,2.1841216,4.2223325,3.9692338
True,1.6810237,1.8920938,3.9172347
False,2.4050853,3.503601,4.437097
True,0.9756748,4.312377,3.8172178
True,0.7405441,4.0481944,4.056267
True,1.0054905,3.5120616,4.216738
True,1.5599854,2.3091156,3.9515073
True,1.0586729,4.0975833,4.13673
False,2.131776,3.9766812,3.6424696
True,1.2442818,4.1039767,4.049093
True,0.963168,3.8226678,4.001556
True,1.0471109,3.583664,3.969852
False,1.1552285,1.9666911,4.059975
False,2.0711129,4.0331225,4.339513
False,0.83337605,2.320317,4.266962
True,1.0489168,4.7221303,4.005228
True,1.2809024,4.034405,4.0224204
True,0.6837266,4.0774846,3.896453
True,1.6386967,3.7425501,3.889375
True,1.2563123,4.150163,3.8536682
False,1.9941843,3.7464013,4.3972235
False,0.68718,1.7949414,3.6507666
False,0.78633463,1.6074188,3.997676
True,1.3115368,3.7908046,4.2044935
True,1.3510137,4.061072,3.8537261
True,1.0075573,3.747002,3.9478145
False,2.1609166,4.079572,3.7411995
True,0.85472333,3.8104,3.8578963
True,0.93552965,4.335162,3.8239279
True,0.6683921,3.982417,4.0709734
True,2.3299952,2.255111,4.1916018
True,0.87381136,4.111302,3.981445
False,0.98803955,1.7339559,3.726812
True,1.004111,4.0688243,3.5789187
True,2.0168126,2.307833,3.8606465
False,1.7218653,3.7558577,3.605215
False,1.0845946,2.1265402,4.266802
False,2.1506124,3.9851143,3.5940735
True,1.0146203,3.736284,4.065966
False,1.9343731,4.0369654,4.2729154
True,1.9713464,2.426377,4.120012
True,0.7938185,4.308183,3.568463
True,1.0364928,3.9587994,4.140353
True,2.1789367,1.5233953,3.7784822
True,0.9085076,3.4920301,3.9873164
True,0.92576087,4.3708506,4.0099835
True,2.2340415,1.9370359,3.8987944
True,1.9610984,2.1635067,3.6885223
False,1.615885,3.8513434,4.643102
False,1.67574,4.125228,4.4461937
True,0.76025456,3.6285427,4.1054087
True,0.7333622,3.8063724,3.7261124
True,2.1714141,2.3913453,3.3546162
False,1.0218995,2.4484973,3.8671188
False,1.016737,2.151777,4.3048854
False,1.0894479,1.8248899,3.7945354
True,1.0096022,4.170868,3.8303728
True,0.766531,3.8159413,4.01408
True,2.1595318,1.7504746,3.9833431
True,1.37196,4.042912,4.1642776
False,1.7551801,4.3594027,3.6628056
True,0.78290236,3.707688,3.9582
False,2.0680244,4.10387,4.030031
False,2.0070632,4.178566,3.711648
False,0.8016645,2.0168693,3.8199332
True,1.6720289,1.5321207,4.0225425
False,2.2560496,3.7912192,4.130812
False,0.8468996,1.8879002,4.1292696
False,1.9284129,3.6838706,3.8258862
False,2.1573205,3.8338506,4.1398506
False,1.8537691,4.2113733,4.2051554
False,2.3861275,3.9829767,3.6636798
False,2.091097,4.168644,3.836541
True,1.1195167,4.1502905,3.9701436
False,1.9990432,3.5339582,4.1622157
False,1.238054,2.1377342,3.959622
True,0.66573477,3.5549839,4.0475135
True,0.9030697,4.1308784,3.9070308
False,2.364987,3.8407652,3.9667659
True,0.925935,3.942826,3.615273
True,0.9053864,3.78617,4.2432346
False,2.0088854,4.126289,4.052344
False,1.079175,2.2272773,4.045135
True,0.9868743,3.894515,3.9988341
False,1.3565828,1.7872834,3.8576756
True,1.4195358,3.475979,3.8336012
False,0.7641796,2.5489483,3.591858
False,1.9757352,3.78193,4.196441
True,0.97761077,4.078421,3.963975
False,0.9571192,1.5370755,3.7956457
False,1.3012818,2.0891948,3.7208738
False,1.6560745,3.9322827,4.26365
False,2.0915463,4.471977,4.370144
True,1.0448868,4.33342,4.0483284
True,0.73386717,3.7862527,3.943314
False,1.9269413,3.771401,3.9933028
False,0.96616304,1.3663788,3.870831
True,0.9443996,3.915339,3.7589505
True,2.2253137,1.5088928,3.8885942
True,2.4087615,1.8050888,3.7020767
True,1.1245661,3.7928085,4.0538397
False,2.3583915,3.633682,3.8685002
False,2.016219,3.952541,4.1465955
False,1.8280455,3.4248376,3.8769333
True,1.1809409,4.1731987,3.939981
True,1.7990229,1.4702162,4.147136
True,2.8684983,2.566213,4.1602464
True,2.4090543,2.0167902,4.205236
False,1.7941737,4.107274,3.879215
False,2.368399,4.0447526,3.5783215
True,0.9958291,3.9313776,3.9428647
True,1.0521424,3.9568336,3.9570987
True,0.9070551,4.0995746,4.000273
True,1.1861323,4.1671643,3.8738832
True,1.0978279,4.392492,3.813196
False,2.1533294,3.8489454,3.923731
False,0.9059107,1.7566273,4.0063605
False,0.9368405,2.2211332,3.86017
False,1.8348136,3.904364,3.6256635
True,0.4043011,4.3581004,3.749663
False,1.0008211,2.0834043,3.8425272
False,1.9661648,3.9997227,3.950491
False,0.61040187,2.6286852,4.034005
False,1.6077514,3.78306,4.2756047
True,0.7207358,4.3598814,3.9039512
True,1.3084857,4.179895,4.025837
False,1.8201085,3.6478572,3.8021474
False,0.8146796,2.1891894,4.1861076
False,0.9696538,2.2517447,4.2226543
True,2.3937962,1.8051901,3.880587
True,0.88453865,4.3164167,3.9388566
True,1.0059178,4.2515306,3.6536193
True,1.017604,4.424422,4.205542
False,1.9414809,4.2362323,4.025328
False,2.5748508,4.176409,4.3205094
True,1.2569872,4.690342,3.8052902
False,2.185421,4.0802426,4.2320457
True,0.5755087,3.7586002,3.4148915
True,0.99246955,3.8029473,4.3314595
True,1.3886223,3.908688,3.6823401
True,1.1732149,3.7607577,3.9123728
False,2.3078358,4.259854,4.198443
True,1.0186317,4.275624,4.063106
False,0.8927828,2.0086906,3.844839
False,1.8300549,3.8604758,3.7808616
True,0.92214173,3.7232473,4.0382643
True,1.0688713,3.7802799,3.5818384
True,1.8899289,2.4771163,3.370129
False,1.9483442,3.7006998,3.8586957
True,1.0399585,3.682309,3.8961859
False,2.365529,4.3915696,3.7988071
False,1.1445154,2.001651,4.0610695
True,1.4150312,4.1936173,3.772933
True,0.7537914,3.8762221,4.5061946
False,2.1211476,3.616105,3.9896815
False,1.9410998,4.524469,4.266543
True,0.93002236,3.977496,4.1870823
True,1.7901554,2.038595,4.0097885
True,1.1913233,3.7515848,4.649749
True,1.1570878,4.3536406,3.9215133
True,1.4032797,4.361744,4.027314
False,0.93380016,1.7892013,4.4363647
True,0.84648544,4.019816,3.94094
True,1.8148751,1.8548114,4.0025973
False,1.9382993,4.139096,4.1710715
True,0.76002574,3.7198207,4.011951
True,1.0198597,3.9329917,4.1180024
True,1.0507413,3.9578516,4.0880256
True,0.4752822,3.763502,3.5708113
True,0.87829727,4.554915,4.0708933
True,0.948489,3.8542905,3.7640257
False,1.6220248,3.7173262,3.7446709
False,1.7762165,4.3325243,4.107702
True,1.3487902,3.9981775,4.7189426
False,0.8199275,1.4861052,3.719827
False,1.9693059,4.3120627,3.8159804
False,1.8772327,4.1261635,3.6771982
True,0.77981794,4.0366116,4.0498433
False,1.8065314,4.246578,3.8935199
True,0.9379449,4.571768,3.503971
False,1.7617033,4.462818,4.356053
True,0.9334864,3.9412444,3.9471502
True,1.5946742,3.8757849,3.6780262
False,1.0453553,1.7858151,4.1086154
False,2.1137662,4.004603,3.5906959
False,0.7269985,1.936865,3.974451
True,0.8315943,4.0262103,4.0947657
True,1.4055096,4.3336973,3.6617773
False,1.8546472,3.7829638,3.8181355
False,1.9020053,3.541745,3.8925571
True,0.3510756,3.9343758,3.8132489
True,1.117536,4.21806,4.2699385
True,0.75442976,4.170797,4.0852876
True,1.5508963,2.0313773,3.8230264
False,1.6136324,4.1758127,4.457243
True,1.8194917,2.102933,4.136158
True,1.1527853,3.7856803,4.1696453
True,1.8062006,1.9582701,3.7643924
True,0.80834424,3.991966,3.9506798
True,0.6261438,3.9868093,4.239811
True,0.9075376,4.06291,3.83781
False,2.398549,3.6518178,3.863065
True,1.2936196,4.336055,3.9328609
False,2.0669072,3.732901,4.190007
False,1.7241683,3.9398303,4.0399036
False,2.4611218,4.506329,4.3836145
False,2.0713282,4.148008,4.020994
False,1.2601886,2.1116748,4.1464396
True,1.8671485,1.7910819,4.059874
True,0.6120888,3.8317037,4.131694
False,0.96337545,1.8916276,4.172197
True,1.1465883,3.714146,4.251325
False,2.2388766,3.6126907,4.366554
False,2.042951,3.781309,3.944561
False,2.3085835,4.1305785,3.3493915
False,1.5475962,3.9257596,4.1481953
False,2.044729,3.8267624,4.3452477
True,0.8290946,4.030981,4.129162
False,1.9048734,4.173017,4.026321
True,0.8745636,4.092092,3.5693617
True,1.3105294,4.262134,3.6001308
False,1.6339995,3.8532233,4.293705
True,0.8024266,4.3477483,3.9331384
False,1.9041517,3.8251915,3.9485924
True,1.2436929,3.8866801,3.7115166
False,0.3860283,2.1323795,3.9698577
True,1.0690724,3.5851595,3.7177515
True,0.9857723,4.3433886,3.9505322
True,0.94408536,4.109162,3.4233093
True,0.86324036,3.7770624,4.1328697
True,1.8460677,2.197464,3.8905902
True,1.7240688,2.1746879,3.7206912
False,2.4335656,4.16271,4.0774126
True,0.9397449,3.9455812,4.088799
False,1.5206308,3.6664183,3.7039602
False,1.9299457,3.9573283,4.307527
False,0.79338163,2.1611598,4.378824
False,2.0722966,4.210623,4.1585326
False,2.0429544,3.8808727,3.5649645
True,0.7317201,4.126381,4.057511
False,2.259887,4.0795474,3.688701
True,0.8258338,4.212047,3.4769497
True,1.1576068,3.867207,4.451718
True,0.6123425,3.6287754,3.5640268
False,1.8492533,4.124484,4.0278635
True,0.5870987,3.8348684,3.7613544
False,2.5029387,3.988382,3.6568294
False,0.9015453,1.293911,3.9570165
False,2.6301823,4.3517137,4.2147794
False,1.7940607,4.100236,4.542887
True,0.98707193,3.9099996,3.7263534
True,1.0759712,4.205707,3.5727606
True,0.66501474,4.0396333,4.1091046
False,1.9662324,3.9760728,4.5070214
True,1.6582309,2.0668018,3.6384902
True,1.0760167,4.0485,3.8906047
True,1.0062072,4.2278643,4.1283298
True,1.2870471,4.085228,4.071695
True,1.4497026,4.199354,3.8913198
True,0.5648774,3.7445796,4.0192075
False,0.8456849,1.8603889,4.182294
True,1.2872629,4.293826,4.069658
True,1.8857723,2.1671677,3.6837113
False,1.4742814,4.0858026,3.7007616
False,0.538865,2.1725845,3.9022956
True,1.0674216,4.097686,3.9556103
False,1.0757185,2.1104693,3.7885413
False,1.6764686,4.368469,3.626029
False,0.99531317,2.5428889,3.5470078
False,1.8164107,3.9746697,3.241016
False,1.8754394,3.5195174,4.02844
False,2.0493848,4.011611,4.1305103
False,1.7104936,4.29899,3.6362572
True,1.1579517,3.7016685,4.2800493
False,2.2577493,4.244256,3.6064854
True,0.96457946,4.273196,4.1068344
True,2.7548385,1.9137461,3.9715447
False,1.4106781,3.9501421,4.0800276
False,1.8827437,3.8861585,4.192396
False,0.78901213,1.6032777,4.019112
False,2.034768,3.8016696,4.3021417
True,1.5467174,1.5919495,3.4831605
False,1.8166493,3.8141882,4.0215926
False,2.2480989,4.132027,3.9046679
False,1.842675,4.276254,3.8816638
False,2.1758013,4.021208,3.817385
False,2.099031,3.8940983,3.990264
True,1.5934186,4.033775,4.2010517
True,0.991363,4.0984178,4.0503416
False,2.163697,3.6779838,4.0432405
False,1.3329842,2.0886703,3.8732457
False,2.198089,4.4638305,4.3960147
True,1.2899567,3.9277384,3.9837403
False,1.788131,3.9422636,4.248991
False,0.98571855,2.2292485,4.41692
True,2.0747323,2.0538883,4.1872206
True,1.0708667,4.0086846,4.3890944
True,0.87423635,4.198422,3.937795
False,1.5017713,3.6563926,3.7563977
False,2.100937,3.6404474,3.7935598
False,0.96581304,1.6869372,4.0236173
True,1.9493064,1.7610905,4.42304
True,0.66872746,4.2291517,3.861884
False,1.9561956,4.27349,3.9497476
True,2.1840625,1.9667965,3.869836
True,0.95625716,3.900611,4.0917406
True,1.7782904,2.2243016,3.9503663
False,1.4656527,3.6625388,4.0945196
True,1.2075272,3.7372522,4.129146
False,2.0971901,3.715427,4.5594177
True,2.3875585,1.8873042,4.015715
True,1.4345148,3.7417433,3.7704785
True,0.99869555,4.1413226,4.2821054
False,1.0925249,1.8765227,3.797017
False,2.4438024,4.1857038,4.0922933
True,1.4237891,4.0359178,3.8868146
True,1.2511837,4.3268447,4.28334
False,1.2077638,2.2576604,4.0176787
False,1.6981201,3.8135023,3.895168
True,1.177629,4.1732764,4.118289
False,1.7212794,3.8987982,4.076041
True,2.1831038,1.5196562,3.752209
False,2.4788191,3.8621485,4.1796765
True,1.0489633,4.183636,4.4298077
False,1.8003062,4.004198,4.103543
False,1.9564589,4.2519093,3.8665292
False,1.3521391,1.7198412,3.9327154
True,0.60249543,3.8654199,3.87608
True,1.1659896,4.206619,4.2069416
True,0.7020644,3.9740684,3.945998
True,2.1366925,2.0421927,4.1142817
True,0.8832338,3.853159,3.8250616
True,1.2765664,3.8272345,3.969741
True,1.7546363,2.0063846,3.6594706
True,1.1734952,4.167985,3.8519235
True,0.3603707,4.1077538,3.5973642
False,1.5944872,1.9310887,4.5214434
True,0.50519913,4.606024,3.9138362
True,1.3467317,3.7061245,3.8418663
True,1.0996569,3.9853642,3.7974606
False,2.0324762,3.8538792,4.020404
False,2.0160341,4.0631766,4.182076
True,1.1352301,4.1493754,3.746845
True,0.67214143,3.8693352,3.9389322
True,1.4801849,3.7044888,3.6029613
True,0.9373367,3.8987277,3.9133866
True,2.0900223,1.9231576,3.705034
False,2.0918696,4.2581363,3.638951
True,0.8173214,3.7808797,3.9646015
False,2.0587158,4.100472,4.0737767
False,1.9897957,3.7913423,3.9926245
False,2.0149233,3.8975515,3.7827883
True,0.9406913,3.7879074,3.7409647
False,2.2419167,4.2308817,3.7691755
True,1.0360321,3.8286335,4.1916575
False,2.0252297,4.020679,4.0885873
True,1.0224979,4.640131,3.4502518
False,1.5951903,4.1004033,4.647374
True,0.76308686,3.493196,4.2006025
False,1.3693066,2.0308695,3.9650884
True,0.9078816,4.3449225,3.920965
True,0.9688099,4.371463,3.9829545
False,1.7919108,4.188915,3.6618736
True,1.1698594,4.4233522,4.050287
False,0.2660774,1.9834555,4.2321653
False,2.6940956,3.8594646,4.2498307
False,2.217163,3.4216862,3.9175713
True,1.2350528,3.8649056,4.1702623
True,1.8330201,2.2317367,4.038337
True,1.0202141,3.9361122,4.3878074
False,1.5779536,3.7454512,3.6334188
False,1.048352,2.1821284,3.8040361
True,0.89797086,3.9081416,4.0180445
False,1.5880427,3.8714015,4.2999053
True,1.0280105,4.038451,3.5821362
True,1.0334637,3.9699981,3.7943788
False,1.6118388,4.049334,3.975848
False,2.2978547,3.7899427,4.034955
True,1.129466,4.3517823,4.070922
False,1.4100902,3.751731,4.066893
True,1.361411,3.8032696,3.3438692
True,0.65122986,3.7857575,4.0160623
False,1.7756943,3.9806166,3.8236227
True,1.0724496,3.8160458,4.2556124
False,2.1259081,3.4586935,4.1872315
False,1.0149267,1.9832937,3.906173
True,1.4368372,4.2581,4.0417066
True,0.98089856,3.71219,4.053964
True,1.6870297,4.0423183,3.9597406
True,1.0494,4.710107,3.7224412
False,1.0795149,2.1866772,3.9907434
False,2.445932,3.5943527,4.1389318
True,1.218897,3.9693658,4.2912
True,0.9783839,4.1661077,4.34246
False,1.923445,3.8297508,4.485222
False,1.055876,2.1719022,4.3872094
True,1.173794,4.4565115,3.696826
True,1.2584101,3.8298962,4.0490937
True,0.4858116,4.0501328,3.5576603
True,1.9944198,2.0226507,3.8108892
True,1.4071685,3.8832252,4.0563684
True,0.921919,3.9437852,3.7649589
True,0.91657984,4.4911633,3.8387341
True,2.2038527,1.79598,3.99207
False,1.5764711,4.2038,3.6743312
False,1.2914152,1.9277078,4.622373
True,0.90096563,3.8953931,4.081599
True,2.1864288,2.0442872,3.6759572
True,2.0165522,1.8559961,3.9233258
True,1.8683337,2.3120553,4.5536275
False,2.6024125,3.9735315,4.0770125
True,0.6805437,4.2420382,4.3060575
False,1.8033286,4.0387416,4.490324
True,1.2601469,3.7575097,3.9071825
False,2.0920012,3.9019084,4.042907
False,1.1868747,1.9425999,4.21181
True,1.0023834,4.2240396,4.3806996
True,0.83525836,4.182399,4.1578455
True,0.81416017,4.0378823,3.7219357
True,2.2619128,1.5730965,4.35392
False,0.6815138,2.4436166,4.150864
True,0.9743648,3.8488703,4.104578
True,0.87037534,3.960402,3.6920948
False,2.2683914,4.1014013,4.320818
False,2.1559045,3.7167926,3.833702
True,1.1843683,4.163701,3.971409
True,1.2251592,3.7036772,4.3681135
False,2.3655987,4.2657204,3.6486459
False,2.01179,3.938197,4.1651025
True,0.88272464,3.9839473,3.4086683
True,1.168747,4.1888,4.210008
False,1.8151917,3.3220773,4.040328
False,2.027979,4.274278,4.1954365
False,1.6977544,3.9971013,3.9652667
False,1.8660332,4.294693,3.7599287
True,2.2079268,2.2692134,3.8660674
True,1.0866321,3.8302748,3.9444993
True,0.92356515,3.6225433,4.05637
False,1.1255289,2.2807631,3.8705242
True,1.8262682,2.0684605,3.637691
True,1.2271526,4.0501027,4.0706115
False,0.8057009,2.1670265,4.104064
True,0.91821384,3.9690204,3.8205464
False,0.8023025,2.1398752,4.4074097
True,0.84514403,4.04518,3.5436091
True,1.2833991,4.0101485,4.2083364
False,1.8804996,4.3042083,3.8834474
False,2.0964081,3.9507136,3.8195374
False,1.9127406,3.8892941,3.6555758
False,1.6779617,4.303215,3.8939188
True,0.9100665,3.8748875,4.0017395
False,2.0940979,3.7915473,3.796218
True,2.3684804,1.9730362,4.087786
False,1.0121207,2.00875,4.235639
False,2.2543173,3.9710824,3.9100397
True,0.9134894,3.9660933,4.379849
False,0.6191158,1.7042772,3.794103
False,2.0444734,3.6843646,3.6259308
True,1.0531794,3.7676387,3.74395
False,1.7403678,4.038936,4.458143
True,1.014724,4.1993775,4.211056
True,0.57189846,3.8810956,4.0037155
False,2.0037851,3.9092453,3.7762883
False,1.8620241,3.990115,4.0867257
True,2.269574,1.986897,4.1270843
True,0.8903117,3.9929953,3.865445
True,0.9867422,3.8703244,3.6254447
True,1.2082963,3.6491666,3.6755905
True,0.66041327,3.9783845,3.9868774
False,1.733496,3.7022498,4.0126934
False,1.9061886,3.970197,4.1516147
True,0.8355878,4.250703,4.2444363
True,0.8152091,3.969531,3.721261
False,2.2207992,3.212557,4.1713924
False,2.0595846,3.790864,4.358868
False,0.8406707,1.931547,4.4330955
False,1.7983588,3.5148711,4.092582
False,2.0129533,3.683944,4.1191516
False,1.4285045,3.7554507,4.280381
True,1.1684179,4.1795063,4.3330765
True,0.80658555,4.2456527,3.7002218
True,0.9119095,4.035279,3.6950943
True,0.9521014,3.6788793,4.0740924
True,0.9533113,3.8750272,3.7028384
True,1.0370764,3.6232388,3.6938102
True,0.8088614,3.966758,4.0235243
True,0.9236251,4.2064357,4.0875607
True,2.3150666,1.9061942,4.021439
True,1.2419086,3.700124,4.727464
False,2.0733318,3.9170017,4.0859327
False,1.766918,3.6804655,4.028213
True,0.73870754,4.393142,3.8892481
True,1.0686936,4.0574436,3.4718282
True,1.8954903,2.229889,3.5459604
False,2.288617,4.25043,3.660304
False,2.0907989,3.7613626,3.6974845
False,1.7026772,3.4705172,4.1571393
False,2.0215425,3.7763996,4.0376143
False,1.4907607,4.458508,4.0174007
True,1.0007099,3.9098375,4.606238
False,2.1471407,4.1031475,3.658968
True,1.0556815,4.1112313,4.310202
True,1.9226474,2.05739,4.0188756
True,0.46268117,3.69663,3.9955626
True,1.1122572,3.9997625,4.0952415
True,1.3157363,4.0001855,3.8947082
True,1.8197618,2.0199847,3.966768
True,1.2130677,4.214555,4.131456
False,1.8619053,3.8693233,4.158818
True,1.2348198,4.2606378,4.300403
True,0.6080277,4.112648,3.8168607
False,1.6583706,3.8666575,4.0852723
True,1.2790605,4.490878,3.8370767
False,0.9883483,2.0902524,3.9719057
False,1.1620939,2.5213442,4.2241917
True,0.98254687,4.032611,3.7285132
False,2.1191258,4.099364,4.0196376
True,1.1246263,3.7383103,4.1301556
False,1.9420996,3.9797277,3.92799
False,0.9293215,2.4742718,3.783602
False,1.1641109,1.9552059,4.1740246
True,0.89645696,4.0091286,3.7505422
False,1.909243,4.2487307,4.146665
True,0.85682803,3.6185358,4.074562
False,1.375241,2.3479486,4.395837
True,1.1927676,4.1294374,3.9777029
False,0.978468,2.0604296,4.0684166
True,0.63254166,3.8784456,4.114322
True,2.6583285,2.276451,4.1330967
True,0.99444175,4.136867,4.0981607
False,2.1314971,3.8577201,3.723639
False,2.1697931,4.090195,3.7361507
True,1.067263,4.144946,3.9555957
True,1.1102668,3.5088334,4.5462427
False,2.09092,4.7066483,3.8599095
True,1.1024797,4.5701127,3.8564115
True,1.4544435,4.089779,3.6318188
True,0.49166614,3.6384807,4.145258
True,0.8714113,3.94845,3.4769156
True,1.0981005,3.7852437,3.8783915
False,2.4718442,3.787178,3.6756933
True,1.0485268,4.208499,4.0026345
True,1.2099532,3.6346016,4.407839
False,2.2437384,3.7514105,3.8850105
True,1.0345715,3.878774,4.4137044
False,1.5826052,4.2479763,3.9487977
True,0.70899904,3.7410421,3.8298974
True,0.75282514,3.9409206,4.062311
False,1.878569,3.7464669,4.118325
True,1.1042475,3.726102,4.5737715
False,1.3366599,2.4250183,3.9910746
True,1.2913902,3.9836287,3.6692848
True,1.2218878,4.1204505,3.645153
True,1.1089971,3.664775,4.168254
True,0.53803456,3.943474,3.8035977
False,2.2192495,4.2352905,3.9559417
True,2.1272352,2.0151076,4.2726
False,1.2524445,2.3085248,3.8611138
False,1.8029529,4.139896,3.811696
True,0.8912069,4.447475,4.0043993
False,2.1118903,3.8364186,4.1358323
True,1.5711222,3.8896477,3.7633865
False,1.9198335,3.544235,3.8571792
True,1.1220428,3.899412,4.0869064
True,0.70402324,4.087977,4.4478297
False,0.93015534,2.049822,4.4581113
True,0.96077627,4.03815,3.8508391
False,0.8290864,2.1983433,3.8916583
True,0.9801342,4.4794655,4.2191367
False,2.0020964,3.79882,3.907724
True,1.303606,3.7863665,3.6672363
True,0.9014591,4.3701787,4.4692817
False,2.1562543,3.9534132,3.8083668
True,2.2779431,2.0798132,4.2105627
False,1.3808441,4.246465,3.91612
True,1.0311043,4.0651836,4.013599
False,1.912982,3.9378765,3.6215892
False,1.9802916,3.8000169,4.330822
False,1.3989937,2.0820987,4.5888553
False,1.8271405,3.8535547,4.074207
True,1.0948073,4.2461743,3.9273717
True,1.0371935,3.8268933,3.819238
True,0.992546,4.106349,4.2497735
False,1.8319778,4.402547,3.7093449
True,0.5917683,4.192943,4.146786
True,1.4450221,3.7222517,3.928804
True,0.9875026,4.083026,3.3180153
True,1.0630176,4.19795,4.1190834
False,1.0999458,2.1035156,4.3506513
True,1.9560406,1.6887376,3.8583398
True,1.1186768,4.192478,3.588666
False,1.3203956,1.5764325,4.201861
True,1.2173609,4.484088,4.1003857
True,0.844446,3.9071171,3.5229578
True,1.0820836,3.849164,4.0672765
True,1.6964061,2.238483,3.769789
False,2.4817588,3.6363044,4.075201
False,1.2894552,1.7464776,4.432332
True,1.2434987,3.7582746,4.021878
False,1.955692,3.8101828,3.7225192
True,0.7407215,4.3176436,4.6925163
True,1.3463197,4.166151,3.9567902
False,1.8100698,3.7956653,4.3395076
False,1.6952484,4.1615024,3.716834
False,2.0949407,3.920861,3.6601336
False,1.5805109,4.039339,4.0484524
True,0.51161176,3.5729818,4.1939316
True,1.0578995,4.244843,4.346317
False,1.9284011,3.9411955,4.264269
True,0.62963235,3.8886964,4.3029013
True,0.8463204,3.922674,3.93113
False,0.95835257,2.0428753,4.056296
True,1.2283417,4.137885,3.4741125
True,0.832775,3.9659295,3.5127466
False,1.6921954,4.067514,3.7973042
True,0.9886362,3.9891434,3.9124708
False,1.9920001,3.8537407,4.0171094
False,1.4481146,2.146661,3.6311839
False,1.1086595,1.9101032,3.6046114
False,1.5677278,4.0850644,4.026747
False,1.4818101,4.1267943,3.8208961
True,1.1780535,3.9311216,3.9919016
True,1.3088975,4.122244,4.0656266
True,0.51365864,3.337702,4.01949
True,0.71436584,3.6550267,4.031184
False,1.0199077,2.3997827,3.6433198
True,1.23095,3.9471495,4.2927203
True,1.0430562,3.8859239,3.6629796
True,0.9020238,3.9944286,3.9259624
False,0.9786774,1.6304551,3.885416
False,1.3293828,1.9664427,3.5728462
False,1.8724488,3.945139,4.176794
False,2.2291317,3.8862333,3.8857572
True,2.155657,2.0985172,4.3739715
True,1.6073687,2.4035895,3.3319561
False,1.832892,3.8734093,4.1516414
True,0.928795,4.139426,3.9022048
True,1.3381752,4.071871,4.2514706
True,0.9789486,3.581706,4.1410737
True,1.1875001,4.0393114,4.185699
False,0.96405405,1.7240806,3.7214231
True,0.9872978,4.0934744,3.7654872
False,1.9414232,3.3591352,4.5290594
False,2.0939083,3.9505713,4.1261735
False,1.9408159,3.728798,4.092003
False,2.006855,4.6799974,3.9834898
False,2.0585837,3.9054549,3.9755766
False,1.128716,2.3288066,4.2431026
False,1.7369957,3.8339024,4.283921
True,1.125204,3.665705,4.0934277
False,1.0230473,2.290912,4.2149525
True,0.6892195,3.987397,3.9002297
False,1.1354586,2.1076496,3.9931154
True,0.7589069,4.193796,3.9074595
False,0.17841989,1.8139771,4.2217016
False,2.189931,4.049934,3.929412
False,1.9672449,3.9944658,4.1917863
True,0.96830314,3.6086714,3.9881718
True,0.92165864,4.248028,3.896318
True,1.2099891,3.7582135,3.4572196
True,1.2566534,4.103208,3.8152676
True,0.82852846,3.9285076,4.2843995
True,0.82834774,4.1966705,4.148252
True,1.0368159,4.022787,3.8861837
True,0.589316,3.9063344,4.0161123
True,1.9899458,1.7073176,4.1174784
True,1.1839651,4.12501,4.0824018
True,0.87354183,4.227741,3.7464235
False,2.0421124,4.1909227,4.040698
True,1.1137676,3.969055,4.1766014
True,2.0965083,2.1592617,4.1526103
True,0.98747617,3.6302278,4.1825905
True,1.0736736,3.6830893,3.8948145
True,0.8201201,3.887352,4.298983
False,1.1031711,1.9117316,4.222929
False,2.370368,4.0143213,3.917743
True,0.70317626,3.7918231,4.2743993
True,2.0216653,1.9610608,3.9865649
False,0.80012065,1.9516628,4.16579
True,1.0424117,3.9797344,4.16687
True,1.1120796,3.5951877,4.262197
False,1.0375327,2.4401836,4.0061846
False,0.89310205,2.1513233,3.9574656
True,2.1800692,1.8955619,4.4708095
True,1.1974673,3.8107712,4.143868
True,1.1678404,3.9845445,3.873913
True,0.5811635,4.4578705,3.8671405
True,0.97432536,4.0226307,4.2378373
False,2.0266695,3.7804255,4.112465
True,1.1424167,4.054466,4.051078
False,1.0892245,1.8556944,3.586688
False,1.2809876,2.1303713,4.2994475
True,2.0471997,1.8769892,3.9507036
True,1.34846,3.6953483,3.956255
False,1.6759033,3.5461836,3.984468
False,1.060663,2.5697832,3.7978563
True,0.7046471,4.6544356,3.945669
True,2.1442025,2.7099714,4.2695866
False,2.1676958,4.1767683,4.2244205
True,2.3255515,2.3935401,3.9810898
False,2.1782885,4.0029535,4.0087795
False,0.9422195,1.8758264,3.7654433
True,1.1618255,4.251163,4.366681
True,1.1393131,3.8736556,3.814836
True,0.9667422,4.1262712,3.8470078
False,1.990178,4.1416535,4.134044
True,1.0979704,4.054221,3.8278413
True,1.2488292,4.5573673,4.308957
True,0.87141365,3.985645,4.159273
True,2.1446164,1.539341,3.5107079
True,2.1405768,1.6341828,3.9108684
False,0.86389995,1.8865731,4.2106586
False,0.6888609,1.7841582,3.6348748
False,2.2141569,4.034522,3.7645648
True,0.47641534,3.9100347,4.1505647
True,1.0304583,4.310946,3.8197932
True,1.973617,1.9558196,4.195208
True,0.898407,3.7894068,3.6534655
True,2.1437445,1.8869094,3.9191556
False,2.0520375,3.7786996,4.3228407
False,1.9731325,3.4833994,4.3989143
False,1.058293,2.1974585,4.320922
True,0.9326794,4.138328,4.50191
True,1.3194442,3.9092014,4.524291
True,0.87041,3.9128377,4.0988727
True,1.49369,3.6816678,4.559228
False,2.190767,4.1346474,3.8627348
True,1.2177963,4.4581285,4.0848913
False,1.1101695,1.8356317,4.262097
True,1.058064,3.7600956,3.9186604
True,2.0598538,1.9736164,3.821979
True,2.1225438,1.5823544,4.240831
True,0.89534026,4.058023,3.7617152
False,1.596977,3.8598547,3.9946702
True,1.8458903,2.3878796,4.1881895
False,0.72315955,1.7283832,4.7064123
True,2.0006962,1.8071989,4.228803
False,0.8082785,2.08063,4.0921206
False,1.9858798,3.436959,3.8272345
False,1.979504,3.8890414,3.5541623
False,1.9091594,4.202383,3.812605
False,1.9222786,4.107617,4.2373743
False,1.5104693,3.368598,3.6961224
False,0.93114895,1.8153841,3.5658603
True,1.8687447,4.128111,4.0156727
True,1.240329,4.071439,4.507215
False,1.3973386,4.0044627,3.9294615
True,1.3569846,3.550112,4.121286
True,2.1454594,1.8126084,3.7094321
False,1.961384,3.8104575,3.8131757
True,0.8992559,3.7716503,4.1603847
True,0.7890512,4.112422,4.013108
True,1.1800507,4.03477,3.7414575
False,1.1611805,2.5552416,3.6788588
False,1.9384897,3.903011,4.131914
True,2.2029445,1.7781174,3.7842188
True,2.192775,1.7182415,4.024007
False,0.8772958,1.7214468,4.1498165
True,1.0747569,4.484998,3.9386914
True,0.69429433,3.7183294,3.8152075
False,1.9287701,3.7820406,4.1274977
True,1.1981401,3.9428957,4.3267107
False,2.4784963,4.064843,3.814126
True,1.2046461,4.2146535,4.141263
False,0.6423712,2.0289955,4.10744
True,1.0088153,3.6794817,3.5754175
False,1.3987502,1.3769317,4.007274
True,1.2168999,4.048385,3.9184883
True,1.1242105,3.9539664,4.1254945
False,1.2453123,2.0951092,4.17892
False,0.7272967,1.9533912,4.6162186
True,1.351659,4.405653,4.5289574
True,1.9284375,2.0805225,4.2500863
True,0.6969177,3.7800941,3.6564822
False,2.2194684,3.8980768,4.152363
True,0.9902049,3.9378335,3.8729959
True,2.0590625,1.9296675,3.9663053
True,1.1854329,4.1595764,4.1653366
False,1.8606405,3.8179247,3.9283328
False,0.869328,1.86693,3.9718406
True,1.062414,4.006587,4.3114405
False,2.0653725,3.9019008,4.016474
True,1.1981952,4.5081167,4.506482
True,1.1456609,4.2238975,4.1220603
False,0.9173019,1.5626264,4.0597587
True,1.1844456,3.9596722,3.8866043
True,1.1445674,4.3788886,4.385673
False,1.8939706,4.088079,4.396743
False,2.1832924,3.9004,4.2026367
True,1.7333769,1.6587682,3.974081
True,0.96935046,3.9704773,3.9766464
True,1.7426928,1.9225938,4.0715637
True,0.6015349,3.9685197,3.9743674
False,1.7228074,4.014039,4.3686843
True,0.77194226,3.9283898,4.1405635
False,2.018276,4.321556,3.9140804
True,0.80535066,4.1127744,3.9902713
True,0.92614055,4.6714735,3.8985567
False,1.0403444,2.4001894,3.8151135
True,0.99395347,3.914121,4.413113
True,1.0305454,3.7390192,3.6178598
True,1.2185587,3.6941586,4.178479
True,1.06808,3.7804198,3.9765592
True,1.2129229,3.9586008,4.2619524
False,0.6679373,1.9142841,3.9803762
False,2.3361256,3.7776895,4.4260454
True,1.0457143,3.8444972,4.682094
False,2.1175325,3.723266,4.200183
False,1.9671155,4.396591,4.3283906
False,1.9100109,4.2213583,4.242953
True,0.75057435,3.9634068,4.009132
False,2.1365917,4.211657,4.0290284
False,1.8347822,3.9247525,4.3131747
False,1.8266695,3.7084622,4.481169
True,0.8285079,3.7209723,3.88355
False,1.0103918,1.82117,4.3598557
False,2.2642686,4.318958,4.469193
False,2.526855,4.0902147,4.4090624
False,1.9643445,4.1099744,4.223951
False,0.8218622,2.3106525,4.396337
True,2.1378891,2.1497014,4.072839
True,1.0453238,4.3150015,4.3824635
True,2.4681973,2.4881148,4.115424
True,1.8045923,1.7080235,3.7273495
False,0.9305125,1.6707582,3.9577754
True,1.7892046,1.9419475,3.5296679
True,1.246538,4.03713,3.9820318
False,2.112824,4.1116185,4.054232
True,0.8992341,3.997716,4.234523
True,1.131309,4.0746055,4.15357
True,1.2042755,4.209098,3.846226
True,0.8439368,3.5821846,4.2734985
True,2.2075741,2.15926,4.1844482
False,1.7413689,4.3724294,3.7687683
False,2.2710242,4.5030074,4.1881266
True,0.5446701,4.0234942,4.094297
False,1.7697427,4.0638757,4.0909777
False,2.4028492,4.138599,4.290239
True,2.232027,2.2260265,4.028581
True,0.94340897,3.8722253,3.4965558
False,0.7099652,2.0324688,3.8512084
True,0.68109107,4.126319,4.11112
True,1.8745947,2.1496382,3.7340276
False,1.4456189,2.028617,3.9822402
False,1.886422,4.041617,3.7432463
True,1.2536392,3.885111,4.128816
True,0.94768107,3.9513433,3.6699367
False,1.8779058,3.825009,4.1444335
True,0.7390783,3.8331685,4.147222
False,1.973554,3.5375178,4.0134597
False,1.2204167,1.9910749,4.0354667
True,0.9951014,4.557484,3.9045484
False,2.3467653,4.06436,4.2174907
True,1.2585089,4.0974417,3.624306
True,1.0810758,3.4894354,4.060858
True,0.5266578,3.9216118,4.173007
False,1.4120827,4.1786733,3.833617
True,0.91092765,3.8679948,4.102035
True,0.7327953,4.51659,3.4508898
False,1.7978363,3.858591,3.998584
True,1.2667221,3.9688764,3.7317348
True,1.8902491,2.2611594,3.8729002
False,1.7967329,3.6468852,4.0476356
True,1.868647,2.356411,3.635806
False,1.8011918,3.533692,4.030749
False,0.86856115,2.3315747,3.943049
False,1.7707427,3.6960132,4.2873006
False,2.1477513,3.636122,4.1353297
False,2.1326728,3.7645507,3.9698627
True,1.0429791,3.8902042,4.0906568
True,0.8576138,3.8139203,3.7482512
False,1.9179033,4.3341455,3.8502285
True,0.32727772,3.9410367,4.096681
False,2.2024746,3.9045494,3.9362342
False,2.0163553,3.6350563,4.326108
True,0.88118774,3.8495464,3.9412994
True,0.98882717,4.068039,3.8191514
False,1.8156574,3.9180245,3.7279587
True,1.0181601,4.2407074,3.711113
False,2.0044973,3.9068367,4.3734527
False,2.1517675,3.6074085,4.5161753
True,0.7066464,4.4519577,4.030703
True,0.89554405,3.8193107,4.206887
False,1.0575659,1.6253979,4.4355025
False,1.5727471,3.9438381,4.005947
True,2.2029333,1.9091028,3.886287
True,1.1197294,3.8423066,3.7423363
True,1.0539193,3.9253786,3.6471746
False,1.8874624,3.893118,4.0913625
True,1.1856176,3.9782853,4.007583
True,0.914416,4.0861745,3.5781746
True,1.0940423,3.9716885,3.786445
False,0.5933578,1.8479022,4.2981777
True,1.0406637,4.043289,4.715289
False,2.2161171,3.714995,3.8293164
True,0.69090444,3.9061403,4.014433
False,2.0673468,4.380586,3.8575447
True,2.0555758,2.1020236,4.1733665
True,1.347997,3.859067,3.8291407
False,2.2913852,3.9658916,4.317151
True,1.069893,3.9454226,4.197346
True,2.2174754,1.6689229,3.7399588
True,1.3035374,4.2062416,3.9171197
True,0.5481974,4.482447,4.1564827
False,0.83750945,2.47017,3.4477863
False,1.9062448,3.818106,3.9658146
True,1.2149478,4.214805,4.29932
True,0.92731535,4.3260345,4.246332
True,1.1954939,3.992525,3.9982743
True,1.2992077,3.7776349,3.8418498
False,1.7270609,4.1305294,3.994565
False,0.9384734,2.0781934,3.7931666
False,0.89408386,1.8378848,3.9632318
False,0.9825567,2.398656,4.235819
True,0.72151554,4.121434,4.125522
False,0.99794465,1.9461595,4.3215055
False,2.0526104,3.8439562,4.285097
False,1.6945617,3.882704,4.1372747
False,1.7443721,4.0151587,4.424784
False,1.7177608,3.8884468,4.2152753
True,1.4283066,4.470451,3.833852
True,1.7300893,2.0608232,4.0081806
True,1.0263056,3.8916066,4.154017
True,0.85528123,4.2175097,4.3283787
False,1.6856835,3.8773022,3.8780053
False,1.7206683,4.045352,3.9085357
False,2.1069283,4.0805073,4.009837
True,1.0917603,4.335756,3.6112754
False,2.2261815,4.03158,4.5228286
True,1.045575,4.0355544,3.6180954
True,1.0821005,3.8147697,3.3592105
True,0.91040015,4.2708282,4.17878
False,2.1901326,4.063291,4.25943
True,0.88265276,3.8314428,4.0946746
True,0.56209195,3.8790085,4.1240387
False,0.64345825,2.408164,4.0879393
True,0.7218299,3.8406854,3.979999
True,1.0544411,4.0895123,3.742571
True,0.8353131,4.4041395,4.511361
True,1.0251707,4.0390153,4.2322006
False,0.75538963,1.9968646,4.3420086
True,1.1101137,3.7871275,4.1313176
False,1.8427072,3.7878299,3.7124023
False,1.0297669,2.0025387,4.422987
False,1.3961533,1.7566458,4.265938
True,0.9256675,3.8968,4.041208
False,1.9654839,3.8199618,4.195028
True,1.5753728,2.1085963,4.2100058
True,1.1124201,3.4661393,4.025307
True,1.917554,1.9928223,3.156508
False,2.0327148,3.8622615,4.299451
False,0.90148616,1.8623031,4.2816753
False,1.8720235,3.7195342,3.77315
False,0.8503671,2.4192543,4.196905
False,1.8309022,4.1564784,4.1605616
True,1.5059111,4.249014,4.052155
True,1.0440148,4.1838727,4.1308637
True,1.0849802,3.9801867,4.3067384
True,1.2448359,3.6785038,4.295136
True,2.2496696,1.8373847,3.918144
True,0.8180162,4.3069983,4.272622
True,1.4120377,3.6578875,4.7408834
True,2.1559174,2.1419992,4.490736
False,0.554896,2.15036,4.2834806
True,0.9294296,4.206247,4.420369
True,0.5887907,4.6609883,3.6678793
True,0.9129282,4.1890616,4.273769
True,0.91009545,3.8791685,4.338009
False,2.2615316,4.0656085,3.6963334
False,2.1355383,4.0023603,3.8052888
False,1.9334667,3.6799502,3.451975
False,2.1426141,4.239995,3.8471322
False,1.173406,2.016913,3.3887215
True,0.99332553,4.094941,3.7817044
True,1.0805656,3.6970768,3.9692786
False,0.88970023,1.5640662,4.327075
False,1.2332889,2.4097037,3.8186295
False,1.1751571,2.236339,3.8112974
True,0.9086399,3.6820073,3.6173487
False,0.61614835,1.6233829,3.4720523
False,1.93125,3.5089536,4.136387
False,0.99888813,2.2232735,4.2245107
False,2.198042,3.541508,3.919118
True,0.9727729,3.8392189,3.6318474
False,1.7144787,3.721093,3.8505006
True,0.5224355,3.2403421,4.0468817
False,0.85175973,1.6961218,4.069959
True,0.8414437,4.0625114,3.7939043
True,0.9063472,4.2516885,4.2303824
